,Temperature,Humidity,Wind_Speed,Cloud_Cover,Pressure,Rain
2490,27.365272585409546,43.619778327130014,3.3907569915925584,69.49833287203002,980.6940456560782,0
45,26.765946740453984,73.07963841743684,18.220506256618137,54.83267785773366,997.6817402746616,0
791,16.1639234952789,30.137350121816755,11.316622315389818,8.1399586270396,1001.98790274443,0
774,33.06891525563414,73.95420702373184,13.780580481627844,3.410418998043918,1035.8648732163972,0
1959,15.675444294901446,62.78321668421263,9.71276472164565,29.696436960908613,1030.599615244425,0
1340,16.45148031346018,57.78338771302731,5.381263073652239,36.42069712757405,1030.606252646199,0
1594,12.468997169763876,45.96322687154432,15.210349544378406,27.207083262969437,1018.6032549883672,0
1093,32.125546280295154,46.82463372936781,0.3879596747217673,88.58398626534033,1048.2202774182106,0
1229,24.15779013885825,71.55198469287481,19.68220455309566,73.43101497347094,997.2157300861472,1
454,33.77381527638485,32.387693259687104,1.5125818193363405,10.8040118174745,1049.3157862910884,0
445,18.71298423731408,97.10101372538048,10.765164999739376,58.59865738966199,1048.3664071537014,1
2261,23.570161718820337,57.1725894287914,9.828794941187924,60.26409672987921,1012.0219147138258,0
2388,16.603143279688233,55.72574964818084,7.552350979481883,41.543400782672414,991.3794828778962,0
2233,32.44783878715069,61.38834612104293,17.849005003945713,29.059240359446825,1032.441654704408,0
1264,33.87616702515707,89.48723401320443,7.80116074603733,7.025724913943643,1046.169349147308,0
2218,16.67439746721475,32.07016958095554,15.40625306996339,25.512183140882584,1036.5689722714146,0
199,20.86041563895302,35.33016135410712,0.17273183434094,93.32279456145662,1048.7548514880168,0
2282,30.026467775684846,33.93984829935702,10.34626016040905,62.519160308488296,1009.5158226020964,0
1794,25.693892904074488,78.61103721123673,5.975936284908996,88.86976516389528,1046.324458697695,0
1223,12.965387959144149,45.92291457460821,3.647434275844499,14.89808967677504,1044.3232790245731,0
689,12.582453877128463,31.272111349336647,13.89531225427779,81.18643591135152,1011.9736802447288,0
428,29.580860957845328,40.756657994082886,5.290040628203383,82.2576301171341,1012.2477998873148,0
556,15.693987538446525,71.51231975301347,17.999346109976713,32.85802025685609,1015.1324793276968,0
2270,18.337684891879565,30.82695460200258,18.207627814510424,37.26345905112085,1000.2858713389248,0
2205,19.645699243563293,46.96845529098896,13.252658206873352,16.337437035372215,998.5296996722128,0
323,17.539965862023564,71.49317049800604,10.649711656921104,76.48168119193937,1044.493949242483,1
1563,22.862008527238697,48.670886025120765,13.89517886470075,54.77918867372337,1031.0900606803327,0
941,15.684061226937544,76.77082216590107,7.3364472879539715,86.32221120549012,1048.5080541881198,1
419,25.462006487818694,83.81405561376275,17.70638992721789,41.573212723775065,1023.9267300006068,0
1603,33.57655651506948,30.682028566634468,7.19297762036863,76.540206276886,1025.0324924836095,0
1686,14.718305273984647,66.5433772614948,8.550530286994869,77.31310281464184,1049.860926181863,0
1830,17.842376350557927,38.41691215581053,10.635086708854551,13.612730324678369,1033.9707726328672,0
524,10.19710258771101,96.7037593627196,19.38587573738018,98.28658385565365,1038.2986882543005,1
568,30.74743421508358,82.33034545547247,9.342234207579672,7.600289463660703,1024.9363841182055,0
2125,20.225537789821868,85.99000227252795,7.79245648644409,13.438714558027431,1006.234547728326,0
1679,20.781446171047456,95.25538824548244,6.20571197850434,73.31482498314878,997.6500692842158,1
972,33.47902272718426,94.65563015708928,19.180117975285285,93.96444968033003,1016.930232190098,0
668,27.844171710250407,58.0030720679534,19.735615250131666,13.906702914905145,1041.6917042329428,0
2424,14.526041788023129,41.55811778881613,8.370780838007102,96.58176031636152,1006.9784911589364,0
46,15.259564026846022,91.50159662674665,11.961746349048845,41.79132133723797,982.7273620778028,0
1406,12.958735850486727,72.06529509138292,7.966066473048059,78.22771643733395,982.6586199820266,1
644,19.508379588189328,91.74251457680788,10.66212489909423,14.418861865248832,992.5794899794256,0
1463,30.43633159045416,80.44497828418352,19.088627579147616,39.81313681030249,1043.917988848426,0
2,25.06908440179109,83.07284289257146,1.3719918180799209,14.855783939243429,1007.2316201172738,0
709,31.40690449056955,49.221628987420026,3.954008462053576,61.74395712728544,995.6307097034428,0
202,19.443795982312025,81.6881708710792,5.343693182279312,35.126349593570296,1006.0224172917476,0
2476,16.780413273278995,94.27202119363524,2.6234745310431085,22.40406281771404,1011.7341011959336,0
848,19.33777535389209,54.60280954232395,0.0273881868117231,20.1515131243687,1038.6288083032014,0
2375,19.29836949622672,85.051185192134,19.932258864435457,3.8122249276798743,985.7410429723346,0
1604,34.76629231515999,72.869909879258,12.515471994547228,88.93977289762243,1017.489547843052,0
410,10.390151611170705,38.1516596764709,12.67463929082034,16.458518012381194,992.9254451376296,0
886,29.2718189142162,36.08162030784356,4.247376907025792,26.93527465590003,982.7211598672212,0
2228,33.785270365410184,61.52184406301088,4.114083156857791,42.785822469995225,1010.7735265552484,0
2082,31.265699994974145,50.277716736675465,3.7522712683588,93.15711630704226,1003.8649439137128,0
658,21.426469033284185,73.4999381146025,9.677927936592784,4.474059783233686,1019.0398162047098,0
578,21.159860387080077,59.71568655302588,15.391373399484458,18.10799237068548,1035.8630254685995,0
639,28.634951848682324,38.71224261669588,4.325459353360768,73.55055430439783,981.6617034986316,0
1492,18.986328775541303,43.143920797636135,6.157737091676783,26.688036607219967,984.71337840193,0
2412,29.371636230629697,50.169132476364375,2.1734590663106856,65.46466232037855,1021.6251768290016,0
1185,19.186883056298186,69.68108755453815,2.183354482004507,5.110927893571748,1024.715781953761,0
966,22.064606042802524,66.82749871368678,2.1753613949266426,52.60453870306902,1038.294540828109,0
1105,29.584916137870145,58.74050910088205,1.955182478410693,94.6954550384964,984.4789103507732,0
2031,34.588885454280515,62.00232581553456,15.149843331531445,75.48422375247254,1033.1727503433765,0
1036,16.35956002794061,86.06554720921635,16.87001728787261,83.99061454250207,997.190836688508,1
1901,28.67084527338391,33.12611770516116,11.371621637856004,74.72893489869202,1010.5075717245296,0
2044,15.968471019267485,91.85487592151264,0.7891414469106062,85.97359212033943,1033.9718726166348,1
87,12.348512768961042,54.20220915629052,15.82786077515552,12.863815767692357,995.112524612742,0
1048,21.88311955530206,51.88319811463428,2.530285196169917,74.843172804215,1009.660232295876,0
1136,33.695547177789734,61.44639993675512,12.375640208936986,23.457759134241527,1036.3416615385347,0
506,31.55796367089756,87.98726867525099,5.523540125553213,34.06353447219676,1000.3739457165118,0
204,10.61696820978328,98.79623442775484,11.448228569131826,3.217089088584668,984.669470844575,0
2429,30.257269076735906,66.68356030905909,18.51608520783492,59.945663266412176,1036.319994170446,0
481,17.31985078601297,31.74619408680104,17.05945843396452,55.57152336108252,1048.4160754275026,0
673,11.751054753616115,42.1857757737566,11.548572501156135,65.37382678940806,1027.975215871461,0
720,28.77554122140996,32.487693077404224,6.048261729698206,78.30605269926757,1000.9933750073444,0
1210,11.029494783203042,67.33995576532608,10.646701220633524,69.5735028173654,1010.6212297817816,0
1172,22.15680215823287,56.790273871059625,10.753760660678518,18.363899749141844,991.9099456326896,0
1032,33.59627143377049,43.471290952235336,9.562404638743557,0.1789790322220485,1027.7935441622683,0
984,33.05746259168619,95.66530471979554,14.616791404686415,67.04098416639245,1030.9127914944806,0
656,21.765522597951826,58.906531809680445,16.743080085762397,52.00493316392439,1039.8609029328975,0
63,13.454573783715343,52.05172039802598,10.342791431075703,37.009635765878265,1022.8310204997988,0
269,22.14068989836557,45.54979452328492,11.526618529239222,12.703221804242949,1007.5966344673604,0
1039,23.145223826918077,80.92077952908008,10.51399429786213,74.58575638933894,1018.5512728012592,1
438,27.664367656824474,83.1675416402293,0.5763751069135026,32.201579661091074,985.8521735574212,0
2190,33.89780773275511,35.486718279135715,1.5610504069984676,48.51925301540015,985.5187963497772,0
1871,25.204289641919488,55.45917960788321,5.441544649989545,65.1726395001568,1041.7414801657674,0
2385,19.04503097922848,70.76458910924592,15.146802732478708,98.45932605635544,1005.1011285882572,1
479,21.29554206674399,98.00049024563322,13.835004486664182,81.0141542177507,1005.3716006427808,1
614,12.420098829459356,54.2573922960683,17.304120527384576,26.572459055223614,1027.9085237168267,0
582,21.006593820737294,88.73204581712096,3.633465230080177,2.778948797994452,1005.5461629738172,0
2120,27.70900667591492,92.90381684425353,0.8890885483105415,82.05794722964377,998.2192635274954,0
1167,20.888288513273334,40.13090741898056,2.8597958025532244,68.4347652297286,1039.771641698116,0
227,15.38769192783896,87.68733432442369,8.252073691187858,95.3959510179494,1029.621679082588,1
1985,18.555658281274013,66.582675281754,1.9772883246520376,84.39213436472515,993.8196796180868,0
951,34.34546742114958,45.79742167029613,15.86874561068724,96.87024546738256,1035.66031932836,0
74,28.481589484957546,91.78101816125724,17.092996627575076,49.162786519733736,1004.6272807587908,0
842,12.68026863571365,50.53666252867706,13.982552360561964,62.10661075880134,1021.6370585955672,0
437,17.176287997990745,76.22036429918444,6.751162102123891,66.38402984142887,1001.5534579438232,1
1025,31.20863174475015,69.33380204654102,7.527001589060973,47.82173717038836,982.080624422703,0
911,11.421931478633889,86.24531487590028,19.338534000260157,47.74091184718288,1032.6471010213925,0
1574,10.492291068092593,76.540023300141,6.517028160846634,54.05448864929129,993.2051098814856,1
1503,22.34863139155503,54.47985293096402,12.917185615259438,12.886535475059093,1033.5886522845635,0
358,19.81689191367736,87.19398886559489,12.554170891242366,88.5364217460648,984.5600818535796,1
596,19.05472647348473,85.23099723547756,10.895197166134963,94.17303183978338,1047.716172721241,1
792,24.91082663374057,49.97352172377896,6.658448075959694,31.338667140298337,1016.0533847511824,0
825,33.309848474012355,99.1598389726869,9.492748454233029,79.03457689795522,1034.0233518386783,0
279,31.85719916562368,67.8626613719687,17.323401105144132,77.67943733625651,990.5764937902496,0
2371,12.520112922365511,62.97987286423332,17.753392192887333,20.037072067654925,1038.346212166428,0
940,13.509598944983672,53.4970577785577,14.976096418105838,43.54135024668393,1029.4416011747994,0
201,27.408587220386487,76.55571368994234,4.642237359611984,68.4161923204092,1022.4771332674724,0
654,31.489520910490537,47.0506189775999,4.953514881679199,93.37709367297484,1025.5480614046803,0
2191,24.62627526059674,44.15017937105179,9.437899717120812,74.4998636858183,1023.3643484113082,0
1168,29.967231222097567,64.26480468637426,16.325075027996473,61.15891059690928,1012.7211461689724,0
1302,20.883836658128928,53.39243219385581,11.239431001951894,30.196625628654207,1003.4411084475652,0
883,29.47948583254585,79.99679823963172,14.702846404800631,53.52699095170208,992.5498465258488,0
1417,13.307641871326572,39.090919570096254,15.231882949453068,24.008313521328805,984.4399047733106,0
675,26.335529027840924,42.11505822544278,3.2557529884667518,30.627564914549545,1020.473723081914,0
2435,32.721913780570134,47.497328425424485,0.7937302791847922,14.64204818216741,1039.5835564249574,0
60,13.974239591137993,79.01426381144555,11.562208215596446,8.100079496575418,1027.184376199892,0
1731,18.042440461590555,39.21938937163306,6.121294749395075,1.0389553165235488,1048.1979898786346,0
2059,12.873803740927872,85.51476642099456,17.208416665851793,83.29573395347234,995.105310389574,1
717,23.2058522294634,55.74086795474947,4.19123703968747,23.522474818799378,1000.5714275200064,0
960,15.502596519522658,65.2435186682538,12.123845352185208,96.68024850188634,1008.4803837537756,0
1070,10.016605464755113,83.99116779211985,4.740650912056196,64.2391769949142,987.9517914811177,1
92,13.294946560109803,36.77622534883179,2.2374410367293174,53.7531451344345,995.5902036064732,0
163,31.65955814821573,72.9922501654689,1.1956887189560383,13.22736703059394,985.4372637803368,0
1300,31.67786353984157,45.858187260709286,18.473156137600903,64.15886654779202,1044.1814606458547,0
626,29.114049358942715,53.41810650660051,8.959207411100998,67.46788236766706,990.9483592543316,0
1324,30.58679297668843,49.476197276700034,13.01835799939765,32.543872713100164,1046.3495521985649,0
1126,34.69722923333815,37.3327988201742,6.729876167148474,4.616969545244642,1038.5974381285398,0
490,16.870589246689914,35.77454521567654,15.841531520771998,55.06449751292676,1004.200278222028,0
1888,16.3572032569336,67.44648722463884,15.908249274659203,85.51797148374834,1016.4425475296651,0
198,11.450729008096893,84.31709093169518,14.986737008376537,66.74442074141515,1006.2105359480367,1
2229,32.759896144123374,32.08055288853492,7.963997099168201,44.805169999311104,996.2496340420754,0
241,12.938296399050827,51.4388366617424,8.368138671480445,44.65948502605501,980.0777775873428,0
1510,11.137767849064788,43.6597063581608,3.991915415824357,48.75238990730117,1039.293113716678,0
1386,26.13860736448735,72.88088731634753,9.370791516799668,9.211699400236215,1037.1082459106246,0
1209,30.026872006382614,73.42947732486097,5.035523552333332,55.38631814657797,985.7126546973,0
432,16.15157962477411,32.96715188969781,15.832355755891086,26.288335460304868,1006.946433276098,0
804,30.23412428722996,73.30485277491135,15.792002796500883,36.12668295668073,1032.530079928286,0
1672,17.036343182359843,79.56335746918867,10.081933170200465,57.77732367043467,992.4524511568044,1
1007,10.766526208142947,44.95950316483964,0.6918025150853357,78.9791162570454,1028.6860167377129,0
555,12.272143300810235,58.394372623628456,7.84933237252085,57.266975815730014,1036.1366333680369,0
190,19.955526555402297,60.4067575854973,9.688373726948583,15.11504764453302,1010.225378770114,0
97,10.502688654687338,40.840859095813535,15.070500696527954,15.125457180975566,1000.517404831593,0
1221,34.5561944322086,45.43185907984677,7.710913553619894,11.229353621667482,1014.2732253713168,0
19,31.75030370617048,50.03033227976229,17.76066273065388,1.978943083306328,1001.5717777961166,0
1951,27.85749615734359,38.40887207702973,3.0311425049151386,4.413780818978985,1010.2625229650346,0
877,18.933671991948863,68.8100109174688,19.91428382006817,10.736093235439403,1041.5643102091842,0
2461,24.727458978157287,51.417532913275394,1.8880067704564476,5.794042006270461,994.109468134436,0
1607,12.66238284427651,88.57653448347743,3.05438013300102,65.41857888305913,1049.1342560693436,1
1150,10.614425607674152,84.33300579800857,0.3111575380562037,59.86644995315265,1012.2296132789496,1
2352,22.02754910039529,34.00279515903006,1.5242069601772967,47.83879695010156,1046.5004596789183,0
543,24.718490249257204,49.33883756084627,6.202593794321478,5.050540703018791,1029.6121931509815,0
345,11.923911174665818,81.13192471859361,15.745968531767964,42.36921256217083,1009.84610487767,0
755,31.93496972935299,55.74227663214462,11.576170623443618,20.56558786158922,1031.759925956805,0
1371,29.371994483685047,91.78222589179973,11.519547707128186,97.6218959209763,982.239859143514,0
2248,19.68917933558859,44.2998045677453,4.136245192399375,2.252346618416179,1024.9198669957752,0
2247,34.17513809825917,56.452666307761326,16.61861114975199,7.653106062938275,1025.198137593237,0
2381,21.612258830521057,99.70689106382912,4.036408093218238,41.9730844330132,995.658335777723,0
1660,24.051652768867974,49.10708396436227,11.180797150084858,59.41109395136211,1009.1958561001112,0
169,14.290741931536012,59.07764702566689,9.600868652078184,6.03938712493397,1009.0813992665568,0
420,34.35640532045126,97.67604182160876,15.870513589496504,4.266565437241543,1020.9575887212816,0
781,20.67260900527684,36.99356516110424,17.14595093753221,29.649097016052185,1027.048855220978,0
905,32.96366127975875,82.05499067140892,5.144381927615685,65.77465844009774,1001.56114937721,0
2384,13.546681493506464,92.16166965869252,16.224409817371594,38.40843014848203,1028.8987777800844,0
380,31.443066104838863,74.30197237274953,10.380151075559349,68.34530622886044,997.1877660914791,0
1220,34.57497837291331,36.53688683541767,2.5581619845540926,69.63224086569129,999.9077576109104,0
250,18.89031844624889,51.64342794445341,0.2266452461721346,77.88555215010241,1026.365217688368,0
1856,20.03470616561801,32.62945290221189,15.70177742201821,85.30698061861244,995.7316758670416,0
878,32.87426925789046,80.20296682086743,16.41318040076796,6.042629766441177,998.9761007497766,0
1747,10.226499988059622,80.51266508759234,7.310362217543624,71.31517980840856,1005.2602133841232,1
1773,28.98625628644107,34.61682617900626,19.21385012712658,53.08626974392377,1007.3383534039076,0
95,14.57978405017792,61.47861012165161,11.375538365976135,75.60286356710962,992.8283252501764,0
532,25.55577647099487,34.885179612489274,13.501558790377985,73.11042985282442,1029.6267252221774,0
2092,18.60025439127135,94.89349053980284,15.139689881372693,14.797611904615891,1008.0830605938452,0
880,28.18867478328824,68.22097227568713,3.609265836798572,61.03448635397801,988.3879241795742,0
1918,16.718734676918388,32.264704823705735,3.5602991674508,24.587031031185717,1046.3562191522142,0
1061,20.465921589250662,51.983688790486326,9.954800035136644,26.656018045561115,1011.6693821969538,0
359,33.91014306989872,95.16589178785742,17.73806059211517,51.75672725256517,1011.4246938690802,0
1327,11.62803671372046,59.37778420060384,14.826665758417777,35.646361304438734,991.8171703531036,0
2138,14.402595944737405,63.88978097334627,10.183719374435412,32.98570205612522,1025.127858918363,0
587,11.49860745623933,77.66020845677963,18.38811977821194,78.41668388952904,1003.036862964093,1
2112,15.929740801291896,32.29903419925951,10.085380441658922,74.48377539035795,1007.7215761004644,0
2344,30.95567611134824,40.97691146249659,9.294113415974168,61.56214350579001,1043.4977536124925,0
1719,29.9381590216985,60.46508643194501,3.0528619922688938,25.277886428534945,1000.399076299026,0
2208,33.52375824695346,71.27455941589423,10.066769259562022,67.30646464822502,1009.2203084881668,0
1611,20.43332855156489,42.29042354782344,7.216295140219899,6.673307135339346,1033.6280857858185,0
745,12.034239971332632,40.89905391014067,16.46474271915976,36.36156156207938,1012.2580676179482,0
934,21.889727927121093,80.61214853328173,0.626108281017479,40.47058662834764,981.7427340730796,0
2005,17.572620216745875,56.99339031274557,19.472539925678905,42.15503877734813,1002.6908642333044,0
58,21.657769321407656,62.95125084686621,16.914792683162588,97.8407309112806,1005.8890957220998,0
13,33.139915957316525,90.32647652073628,5.771773577200932,99.91017766569732,987.8037921605496,0
1250,29.697893773846907,92.34417331092251,15.458557956668962,19.31354509165197,1003.3132533191856,0
70,34.411486625334895,61.80704086699566,13.910216676155535,82.27320656705544,983.987085929372,0
409,10.82686478688764,59.99375081424641,0.2553805502581663,83.97144865253495,995.1683456730212,0
2219,29.78634324902324,68.79832690057937,4.931712791315426,68.41057067924659,1030.8307476711666,0
1143,27.09316118190116,88.88960464436752,7.09409363958633,61.51297098740984,1027.29538488059,0
1698,20.50583841181634,60.30292927594084,4.782549959051378,2.096677037785144,1014.6087308208648,0
746,32.04741257742081,63.362274613028205,15.531844830508543,88.52820636230297,989.9052694581228,0
2495,21.791601655123728,45.27090237874657,11.807192375027428,55.04468199553754,1017.6861812980592,0
849,22.890958666281293,65.82645920462258,7.662285503313262,17.4788771300704,1014.2184577274804,0
606,17.099999419052526,69.9305683148349,13.001930700941532,42.48860046694111,998.29227004601,0
1846,22.26372636984832,98.04797271469504,16.73607582726557,74.40448071360446,1008.1566104755336,1
560,25.47065420603441,39.46703071691043,14.342952521470467,22.78972787796705,1001.3200133295348,0
2317,22.627835965443467,48.001221655867056,12.204849836972752,73.47151856124539,1017.350657568672,0
2249,27.167250745421526,69.8514223236607,18.761683219108107,46.06359128543613,1009.02962436539,0
1063,10.283878212804812,84.74551675300248,6.163593804359895,48.8384722249826,1048.6691273833776,0
612,34.26234233989944,46.79005882004959,3.432494008936944,46.480603267866016,1004.6090903668844,0
1547,24.65693303801545,96.77707389381504,19.89897585382429,27.290794765504057,1039.213982991647,0
1812,33.89904376770628,62.80058364679461,12.253775258313532,75.97988896787501,1008.8393262793876,0
1596,21.316338230142392,52.28059749120459,15.843036571165044,38.76495901089933,1006.7449431729336,0
1787,15.481984630076688,62.73599474033701,7.728813596499777,96.87863178111644,1002.4551506592906,0
1333,20.01121336839808,37.38847789826863,10.720848816152513,86.61150078234246,998.363375260332,0
1969,17.624104573943054,63.18389591060941,8.025196302525764,76.83539357930849,1015.885727324587,0
1066,11.27688700423142,78.81670259788642,19.98956500199136,58.231293348427,998.5784915439276,1
1580,29.222985905370543,70.76882351259061,12.486237860624298,21.825413429688236,991.589416263132,0
1081,29.36252387210505,41.43131225438344,3.0110274330168707,37.01408855266072,1027.4465108439904,0
1683,10.819397532334085,58.9369586246743,10.682961526853129,53.94171628836234,1013.6855053317367,0
1006,23.002035415891825,46.55949477792575,1.411113738446923,56.75095574879805,1034.5706583615706,0
1788,29.72594728654663,89.17827541561137,13.629162028094475,95.3626237748492,1000.8971536730646,0
608,22.86281858246892,97.82613740228363,12.0187811802543,76.29217108076793,1043.761666989396,1
538,26.79892851489556,51.15450979152075,19.287383998638227,89.61768162502534,1001.2876019421594,0
32,21.403758305413717,76.35285569909188,13.92496512538619,41.14567308107999,1026.458643554943,0
557,20.25753906725314,82.25484711129928,16.689522769073363,7.007694030832024,984.8083356213408,0
936,17.4546839915766,90.35383411296692,17.598450703205398,18.730232982211724,1045.850613738857,0
637,12.675103504844788,92.34811743397148,1.010657813797109,21.35476256875599,980.0144863937444,0
1542,13.460921034108786,48.66505335726546,16.11239383896664,41.88206982617767,1017.6333100486304,0
1801,17.340420495085255,39.25880496690781,4.605701246684473,67.27148113303552,1017.976425466324,0
526,23.263430364069546,40.360283944502186,1.652200973271878,31.657210452031347,1009.5609403002836,0
1738,30.46055405454468,37.023613388097935,1.2378667298043888,99.82946962907086,990.5460984438182,0
1569,20.87854966290824,95.4225339742539,12.31022242265807,48.03191682350396,997.6484017165998,0
1194,19.497347594650435,56.21464296256255,17.365154947046054,15.264344296829693,1014.6272396673309,0
2468,34.46991344355372,30.5378042736461,14.360551935458904,70.8900274575165,1029.8575996786349,0
2324,23.362723500144803,35.467822209768045,11.392082227172844,89.48549646097942,1034.152660473541,0
955,18.63764140890836,43.12113275454486,1.8019997640474104,33.86036750262292,1023.2924154672858,0
2395,14.655289879668082,74.5391933719466,19.8711711506056,50.62983636688529,1007.0201441324892,1
2423,32.354312882324294,81.5535831568655,2.120715751961315,45.396892999396734,1013.0648836041162,0
317,23.934219783097923,57.48846148176267,8.095154157634127,17.507879576399223,1042.3940624340848,0
1119,30.409107637996403,66.32746784866998,0.8944856011404068,98.75002011733407,1023.7205993803286,0
594,17.611159108684458,86.15315446134701,13.908531620761046,30.08933703196306,988.0645566035464,0
1789,13.60600255053915,36.33857583696323,4.802030113268623,5.492979486887995,1038.900118204262,0
2167,20.53183490791027,41.47487951036976,4.280811593401877,86.5516035762507,1014.1604484746972,0
78,17.403504938053622,55.61245017498538,16.176682466321072,16.496779055647835,991.5987888181104,0
1782,34.483113431609226,63.78689269227726,7.853166626518631,88.58342792830699,1022.0741773330204,0
542,25.00980592744099,88.34352130903635,13.085254172619967,92.48238134265128,1010.2050959817708,0
1286,13.493644471623874,96.9572113259817,7.854705288642798,19.287689617853555,1040.16004677535,0
1253,33.886648332644526,95.91776333843976,11.955341574123096,63.39111208117176,985.3327942924228,0
727,34.68371892684921,56.23883756994679,0.6269001370685245,19.763325637926965,1001.9055176104896,0
215,28.959466345903536,47.14931469334653,8.577967827456112,9.911316292865136,1024.453492511405,0
2068,30.120574124743055,71.1366848619042,17.90228105769135,61.87668020845626,1017.3461790806388,0
337,19.345328448314035,48.89221743950696,1.1692258605578632,34.255461790703976,997.7034222084492,0
81,20.35657486286675,86.48659012999336,19.9991322551545,13.791411041737966,987.9017169099392,0
2319,16.098520471672288,52.26744520497617,8.449315885161376,75.66618866667427,1033.6707927198586,0
773,14.151195613031142,90.21968655628132,0.1570545869572592,36.01307939534796,1037.4213794425366,0
2452,31.689521283541172,36.66623531742287,11.711310234945367,19.230422411680635,986.2373056555454,0
460,16.81092238664906,46.65724773422333,8.917095376649337,69.25947805409707,988.2943361477714,0
1028,34.89538232399087,59.59310851215432,11.898760615459178,25.977674881794663,986.951540080972,0
290,19.21461515324044,82.75760623908542,6.639998903312532,48.59719474528652,1004.2345765169412,0
2113,14.587611676783462,49.14177409323901,5.883685550595219,1.461730000575412,1025.004704176413,0
1655,21.758032058401024,79.15481985440351,16.219627289249065,15.32967531102648,994.1580397521656,0
264,26.747913664772756,72.21266975984597,5.641590180986952,28.58883878680828,1044.3464214022513,0
632,20.807037029532463,82.31502210736063,8.946844944522681,13.244550206714322,996.4697104973076,0
341,14.926357004640993,90.60906318850232,8.883348754242366,10.47485482776722,998.4580961499036,0
2306,32.43583316823149,49.02473940382885,19.13847221331725,38.483271245229055,1032.4111157459283,0
1598,32.88519122129502,60.17242709646354,0.3892642083774489,12.0507503961639,1018.9189538358032,0
1539,17.773259508602237,31.323074778463457,0.9669438800273557,69.4386494245736,994.0111401276728,0
1902,22.80872864138995,65.2428026565523,14.473781322058404,87.97745721007132,1046.0049296424963,0
1894,12.818787747591458,33.04116605965628,18.749312408672807,13.240634638613358,1000.9621922223037,0
96,24.66282337025208,49.92858464733013,13.817482559233136,40.06135513846922,1018.180271838826,0
2093,33.707418791456575,63.64785849500949,6.070923716563687,21.77178732475815,987.2184236201416,0
1653,23.207878176433766,36.69911870663978,2.96686018952687,46.08855367383945,1041.4919600017158,0
2134,15.431890750700209,37.84568349951421,13.684573421959422,94.41868810604048,1021.768636338406,0
1104,34.6277169834283,62.32682510943475,14.465696451182785,51.72458364113759,1046.606364078627,0
1418,14.830907311863903,76.93961460885953,16.130068547289703,53.69912105024833,1029.930695108973,1
1124,25.770795210245097,88.12125801824963,17.163285377436242,2.960750665656109,1009.5719224576236,0
4,20.591369983472617,96.85882241307948,4.6439209259534975,47.67644427890656,980.8251417426508,0
2479,23.96307743580612,86.02846937484648,3.612574564314575,84.8420392065336,997.9534165865974,1
297,31.554787935542084,81.38529744113421,18.129354596460047,65.25523250350331,993.6124879730947,0
2026,16.699717062610503,74.19463048339757,1.02821730595287,23.776663077013016,987.7692766111084,0
1197,17.167917076009857,79.71265549443768,15.961831094544385,57.51978860245204,1018.7300079043652,1
1461,32.5532803701058,67.79234274274484,11.89689467417921,52.48278190377263,1024.4124351345492,0
1398,32.18207878087965,88.98821335823015,3.17792876989214,78.33947504052112,996.8658720264012,0
1618,14.540559866142209,64.18838494347247,1.5747680281893128,49.525735053998055,1005.4763095206356,0
47,13.223157441371333,65.46821907403745,5.003174444042779,4.958951320552152,1033.1757143948666,0
1529,33.07897552934351,81.0006496777244,5.74487977153852,86.93397812757618,1026.7765760026095,0
1665,20.42334880322004,43.86423348206982,4.144264579478119,98.35321958202988,1004.166304528056,0
259,17.30368816981372,61.4558424572754,10.426653379147378,97.62942865808434,1019.1169834516852,0
38,33.59370196286561,88.37542686178719,2.474866568294325,62.64242471491316,1036.8236476569737,0
0,23.72033759818312,89.59264065174611,7.335604391040214,50.50169383291316,1032.378758690279,1
1593,14.921301366632845,71.98772083282157,9.57355567216429,70.02072639956228,992.8060428129916,1
2274,16.991969939980507,81.65954356246581,16.787457323346274,92.94422598652852,1042.795057775122,1
1141,19.80797350163649,36.73086780110418,3.4329614922443707,52.64532551877934,991.6673428129398,0
567,33.08265169722908,58.79361682047651,19.734689143214517,16.365367219373272,1002.3139980287316,0
1791,26.53944120574585,59.41562123174518,1.4326224563960488,66.79666937826362,984.3906665988108,0
508,16.34106310642057,44.0119477085398,2.06656627617704,85.45622958463828,1029.2452886190763,0
2098,21.834643139857377,88.67438986785552,2.1368381913844736,91.00105680484606,1022.86150340938,1
2427,21.56903073673353,59.05846054773903,0.3444696615831644,44.86688702480751,996.6820701632582,0
1323,18.55259688009472,77.32980572697511,16.59033281116882,68.22601545069944,982.5555591897404,1
696,14.7641728735017,96.5625177259436,15.507105928526308,1.7022276385247337,1009.3696062843997,0
631,16.047542605037123,56.54650281194736,4.017561038919273,51.78423426461387,1046.4302139212612,0
303,12.02753474969992,43.041246166644925,13.685460903084724,72.53098669155484,1017.0012920633146,0
1927,31.07302780318713,82.285521926229,13.534030931396114,36.01892931921826,1046.0550296549222,0
544,34.06925799600606,48.238334685597785,3.510068281510148,27.202519358396195,990.1837335568404,0
2365,24.377777911749604,46.90241355891183,17.71349031263281,73.88182095477163,1044.0440894567694,0
2200,12.551793227978797,76.91383465245333,0.6618066581883286,89.11123404844952,1022.7146240309598,1
2107,34.17389869916833,97.1771052014606,1.3042929443325146,60.72443852451421,1018.9077387988608,0
979,24.776634520849758,30.964733323720772,9.448425263626683,55.479013776297656,985.4932007442808,0
1394,34.143356949507016,77.287281878869,19.646284246893615,58.8906530828652,1000.3089526053296,0
1935,30.599752350067387,65.75481267361195,15.063553885190522,18.206680053493606,1007.2597254162964,0
611,18.436934544106,79.67137335798705,14.965123244419283,45.56404905538572,1001.4313689468876,0
1976,12.847352620284084,45.73178866635816,8.944917700557797,71.28841963106377,1018.2801396218232,0
1370,24.5059467715865,70.82679521754216,10.61712651361751,22.88128467286611,1044.1110281241924,0
2453,17.827472043399755,82.1691295844453,0.4698280231638585,83.24685562384029,1030.1804112634077,1
1527,23.95708560423121,61.3256751935528,12.649483410769474,5.002589107697785,1040.786123920122,0
324,16.552953730991955,85.52815142380814,4.78854788076654,48.97106450304053,1025.416161624766,0
1511,14.949569998494871,44.50415041617247,6.872432706550087,71.87292963814043,1046.6691673623682,0
1599,13.664593403776417,37.27874652515335,3.808262478605604,40.36816062633286,1041.4082200555465,0
1155,33.88920984951052,96.16573051062716,1.157437834977515,23.294141723552443,1004.4689577824422,0
1904,23.7354645824954,32.06081983562198,17.35836548345986,56.16771527188963,980.74116178114,0
933,12.493323680868851,69.62166439807122,17.486950982345693,43.39218223185809,998.786560162206,0
1116,23.051560517056608,65.23256095127056,4.669548858767236,47.064361801020425,1002.5493420498866,0
731,19.409728879858783,57.83670637520879,14.673612617001924,58.74662404772718,1030.5030211322633,0
61,12.759378529107629,90.09342980212978,6.159662146846672,24.822925918601,1048.0560884994345,0
1097,34.17637295193049,97.41655238114686,16.764225259985817,71.79130382090445,1031.978263850158,0
356,16.93990244329415,82.65475778494665,6.959249862977261,61.84592649841587,1021.0537460388018,1
429,17.209962433287348,61.11456063508427,8.456057309575309,0.4891214783275033,1042.257092622497,0
605,21.941162571910404,63.40557365023255,1.2237776842800918,53.93936247015149,1025.1433023732102,0
944,19.88083108840842,51.051279476720765,5.70680740235588,26.202118844280854,1012.0597658960006,0
1623,25.736530675228806,39.49178192080193,12.793041314545183,63.66946514625068,986.7528047790385,0
1354,24.43975225108372,64.45828164256676,15.242067772994035,70.92088774562482,1030.985928304263,0
352,20.76006098770153,54.40432609778049,1.015952798069566,37.555302845440586,998.951097781848,0
1955,31.92051551001577,97.31599906013278,0.756171006434998,14.198408321098857,1014.0303314331333,0
6,20.939680281567316,40.79944443606025,2.2325659971252265,45.82750842102168,1014.1737660638806,0
919,17.864332375107182,50.19675020040249,8.782465794610502,59.2654903863343,1024.844427680669,0
545,10.421791834250993,69.19631875527116,12.086155584473,53.33885543338091,1013.5973702296048,0
1355,11.881931995818364,33.697392831999785,2.926088158245057,68.1345447228896,999.0823182494162,0
1343,33.73199750107855,87.6854057114596,4.7797568998499385,82.73697769585971,985.5984248960004,0
1166,24.764634476198346,43.71082713411646,17.75841542086563,25.356409269701075,996.2481055911318,0
1289,18.28172200731816,45.106935596430745,5.99332291073244,18.09676264338217,1012.1000687225757,0
135,24.77181903120433,83.5243107671195,5.565468731423051,40.97135997466685,997.1854180902884,0
43,11.505636790731746,98.10535320961498,2.3802709441666603,85.46041335567958,1048.9591211854186,1
1151,25.849673032647686,84.44482866317531,2.8942457356352658,2.9745050676528884,996.020871715552,0
1427,34.95056969395252,66.17009265250817,13.764337554179887,12.067743538888177,1047.9676283628228,0
891,22.16026122221664,48.35249649058567,8.973182883438584,66.07967871652502,1014.1991415924948,0
1132,33.903078988999,79.32774217817247,3.0105013931285707,97.25981195284028,985.3725379040224,0
1729,22.038833865705143,53.32050711439152,9.170905582702176,55.21422895385487,1008.1731358491284,0
1873,14.854855190336728,63.05959867456418,0.822220022836122,97.32820151512227,1031.5748626341535,0
2253,11.951871354457609,48.470691723588885,19.653698150727216,62.72986002686507,1013.5910086498895,0
674,30.560168458892257,63.35782383626663,9.929961643346426,61.7329719619644,1009.3009482564636,0
2356,33.11557030356572,98.02257569406876,16.937597278078336,0.6197712056338234,992.8330653449613,0
1925,23.428510477081016,61.2910898289248,14.517528781433963,81.57541438521558,1029.9414356031352,0
1169,33.086388455102664,84.55736694801963,12.194468055025323,89.64826252185294,1032.933529079785,0
875,21.171924098654976,48.45043497151532,12.150978905946822,1.3831372461680869,1048.7684843052623,0
2340,12.110958160598695,55.955608617494,6.419235685129707,84.57750811776573,1047.0746179561024,0
499,22.64665959563271,78.81802648560361,2.122358980593595,83.72185288299437,1020.3836088715092,1
477,34.19913916510568,87.22561592277569,0.0545173801899645,69.12255146949214,993.1557909272582,0
1981,28.02608521081224,45.546511562179205,3.732801925470446,22.43251234723831,980.8733233956686,0
890,21.03303675451027,95.9178174077563,13.71074098202887,85.95083868750176,1046.3581467750982,1
1451,22.086474954275584,89.42479401336337,6.130741158244364,96.77265435014816,989.3728562609527,1
628,18.38745424189749,33.36544748661929,17.15409310470601,71.27693188239724,1040.2440320086682,0
923,32.52905426622904,89.96663973855173,19.71804406352919,2.026114964788128,1022.833134071462,0
736,16.93350678263109,97.10209024028352,11.29631517390475,41.44470974202402,994.1233520908988,0
806,33.8583453848173,77.77007013573291,17.211975872661846,83.2763197812861,1022.032186986602,0
721,33.180295184327946,59.418153771886274,16.785027718519636,67.52730014334624,1012.616763390344,0
1982,17.44925660392325,70.09464068938041,2.5980926796604265,64.60990709221115,1041.62321957476,1
1017,16.091946882030804,88.51751986002861,7.07384858215449,27.258800776898173,993.5772427681536,0
1382,31.832985697547592,84.15559163551075,12.55905319273672,75.48978409278595,1015.6042901065276,0
824,15.206331303037096,60.41091586529711,2.5785181173570093,75.5040576337117,1046.7680861550657,0
1548,18.716629942959194,41.50427868800973,3.0847357311280343,96.57423441828163,998.0919784259428,0
2123,20.87388047567195,47.10412397866665,4.91780319139947,56.73522449386201,1013.4201745085584,0
1961,34.10524391540112,32.84438279801901,7.20667184602811,94.15149861917716,1027.9914941154864,0
488,34.19486679496255,84.2047064636144,7.511857232131205,92.6053137760096,1049.4902089741452,0
937,13.77337243277604,42.80829155087719,12.337755605062984,47.40757745008791,981.435871546884,0
2478,20.072711118297327,55.88053354356615,18.80978702127797,69.7708580437942,1043.7670000499002,0
1196,26.705455738569277,40.17335629310466,4.497113596698881,88.65180972974642,981.6097916230945,0
2223,34.12319857363825,61.80464534501239,7.069598462088614,53.09032198371455,980.3819413938942,0
2124,32.70682716038536,90.62543006194664,10.57943663118744,22.16522796342928,1007.9486537756492,0
1635,21.552438240686246,74.28532756964873,9.815000355295991,86.4196621153182,1019.5983806533692,1
1798,30.913679515479945,97.74999584146262,19.85774330926454,4.419551194957827,1024.9635172346125,0
174,29.842442583935515,85.51200670365782,18.54300875294647,74.92823555021944,982.130171217288,0
57,16.332290063494554,66.84251283659319,11.22832416151407,19.869523899261708,1002.2662313335932,0
846,28.33222835791815,99.0635624933444,7.011341061677929,41.82770354849789,1015.7810833272356,0
832,28.197203959237783,55.71452800848187,10.42767081822108,16.624515731612032,988.5124561857727,0
1728,14.317417153876232,82.90932157697934,0.8595456459571227,50.12340253503839,983.3346064626156,1
833,25.93655693430517,69.36373356021008,7.000750765029425,3.504399745847253,1015.4444549436114,0
2063,26.699426811505443,68.04161865752602,17.891273140522657,27.899148605705197,995.1744661193108,0
2486,28.55023260142816,64.04475314684515,8.266152201680974,95.54826323197088,1031.376699195734,0
1292,31.12885217489301,47.194471859304,2.629242731814123,8.345433418587145,993.0342655839098,0
302,18.328628800716046,30.353630900356112,4.233872832262855,15.984605796805996,1031.900002667436,0
89,33.23240493940536,58.76410140086623,14.624653699705425,75.92362322417372,1020.7393509698336,0
636,12.933012009620276,76.94969708717186,13.397468103816577,54.775317856938585,1011.8862125491112,1
371,18.193010038927973,87.77118322843643,12.105111119904237,32.92788221150674,1027.7848641260343,0
2060,19.84074364593188,31.14122396264153,17.38737853883079,47.75677328529646,1010.8328196236448,0
1062,10.132751190366696,87.96002610488281,1.530295967870583,24.800405985025755,1023.5442948026536,0
1639,30.045396676492363,52.307064652707005,1.3975683922471172,1.5611654854522428,994.6630033623792,0
1273,22.552639518102826,67.51215947997434,19.644337198200223,52.041243106856086,1018.6812458210812,0
1855,14.53169155369606,81.98513963676939,10.102808215309503,57.777500295697074,1020.1450484946748,1
2354,31.9170473055762,95.43319400353532,9.542144628320324,45.81916253954192,1004.5094619470386,0
7,32.29432501955199,51.848471069719,2.873620839084101,92.5514972525134,1006.0417334780344,0
1501,30.92475913221709,69.65627919898526,17.122346822973935,90.00455701138151,1027.4244028572425,0
154,13.095499571236038,99.79324409435704,2.6495406576920555,91.79645340523744,1044.0568574762483,1
856,14.425144539187398,81.20151744113085,10.274654068453753,47.82161369867431,1010.791373681836,0
758,16.1921255623079,81.14753466470131,8.870928831166335,83.29879457801033,992.7505771173728,1
797,16.054464853152137,94.71536477481132,7.179810573961731,55.67660756835468,982.831143066204,1
2121,19.81897364761182,66.91326693855564,8.263325238044729,31.26254748582792,1014.3472955981684,0
1826,31.87105904848347,93.10467112949522,2.6877438737081105,44.21600461679469,992.120068096616,0
1877,13.646029146771268,65.02441202140088,18.112253250622604,71.70699509972161,1020.6211781364432,0
1349,27.159505750011824,84.71291701283725,11.395874876127747,79.14818548296316,1022.9580018850376,0
580,14.005761658003582,85.94282456735304,1.3930147732676246,13.20043883479326,1045.7577026969216,0
2252,25.90473872714611,89.98891898768292,6.274353410629723,99.93855831056796,1049.0898598470249,0
1201,33.554617975451194,32.99486664166436,15.008136639595255,92.70067847489804,988.0500230218712,0
16,10.505459936008142,75.45609114405701,14.79733117529648,99.14233105026427,1011.5771942728558,1
270,34.43737849361117,91.5805685809772,19.07847182092882,90.73002661518127,1031.3209538135632,0
1814,30.60666174258072,91.89028545663216,18.507849206616925,79.89117043909168,1026.93967659988,0
2347,16.484345463174986,71.38623626930463,11.917405579514003,19.19477923466394,992.2067081745216,0
2083,24.37475818185286,81.47778224302229,6.362445861660524,47.26306180364911,1042.2297804339971,0
2482,22.78007867099093,46.16325044277311,4.999573851570871,54.83193378701832,983.2142894180524,0
1591,30.52537987810772,60.207640482710886,1.776093130137748,47.27738072861688,1014.2278484417794,0
485,25.10294510052205,78.90409655937111,16.331121608610417,76.18069228193889,1008.1558373185516,0
1285,34.57475274894599,49.04282375039858,11.335556136949856,5.94480208897571,1028.857786610389,0
1050,16.64081368853618,52.7480474457321,6.0738978187880015,27.62854881517588,1021.1928394306052,0
917,18.55855941562895,93.68188875903888,6.340445651984668,72.21115994544708,980.4359043498954,1
1790,31.00041744338195,76.11078482606177,6.991024847362639,99.07661964453632,1012.4027687792708,0
1422,13.354340951957193,43.15368987192723,18.368504460543715,66.84984765537452,1004.181189295776,0
378,21.453470681501077,70.49160837140562,5.391551998720178,12.784881016904182,1029.245546665102,0
1157,30.67013175922689,59.612238805185385,4.825083049636374,30.068449593042214,989.1160752207354,0
1030,21.786432983856635,41.061609040389584,7.247551518511783,4.742344874946969,1039.4023023712236,0
2198,10.70641707429392,77.12107028428436,18.4993098566202,14.35767642427045,987.3249271389932,0
769,29.796989240772533,97.36777162149954,16.285290791928247,93.58360142997616,1025.12724438356,0
1997,22.0026951786296,71.9940160128081,16.44186049880374,1.9377383377478847,1039.0436668582336,0
802,20.207572708493625,65.08654182502094,17.49689989434836,42.045967095058536,1024.3365870201924,0
1885,12.95050778104698,52.42059609737661,19.93101499847224,76.09097283506078,1033.0799521781023,0
659,34.49905815855773,97.54174555377918,17.72991536778244,31.43537687618483,1007.015911290718,0
1027,14.63371467448457,62.11948474320429,16.338696609447975,85.32278234114884,1010.0156606976608,0
130,25.45038572497104,89.24983147852053,2.142582373627493,93.67956851643142,1028.8663176769414,0
1695,27.40548000626547,66.01086381268779,0.9844131035376624,32.09252640930674,1016.8682218575392,0
2243,10.137370445229068,31.939752464869816,11.00658088459472,14.75744457113074,994.4506244384924,0
764,32.01695307617699,42.962740091150174,11.88159878891232,82.32915357311602,1009.761412692292,0
509,21.15338781648005,73.60487040461925,4.793537760814775,66.81477881082081,1019.5463365300628,1
2239,21.576109538032284,46.710656651186056,10.330363311366602,36.42641142413672,1034.1684187329276,0
2283,22.9591602596791,31.18186491003041,19.89062061559701,85.16924288024934,1038.3651316252528,0
2311,30.824711901391076,91.07943502707091,6.120855564557967,58.78947474647244,1030.5275794345046,0
1565,18.502518653102776,63.240725007205945,17.5656492343878,49.69209115796922,1020.8699102060624,0
700,19.33039889361985,90.6063679597226,5.205056095122924,25.956557625440336,988.7012325851636,0
2130,12.550488284095184,93.92058239307669,13.302477172887336,90.34608705232716,998.1832456775672,1
1040,13.545431892536936,75.32867028153468,14.231145065885508,34.4000885990569,1024.5482424469233,0
1680,26.815678481436542,80.28050344198004,15.798894053359511,20.63554444039885,1016.31983702906,0
1322,10.356287878757398,67.8051856550351,2.1250549998198087,27.808634077697093,986.5146837838462,0
1924,33.193826983092606,40.4049113929279,9.965818397266462,87.57848893687658,1025.0939977930047,0
2480,10.426017951195067,94.71528753215932,6.303279040649215,47.8316574125613,1018.4348801278238,0
308,28.13985910526447,55.73988311673001,3.4189910845520632,8.267089712495146,987.0862865331604,0
2315,16.146232547820844,51.85360200626528,6.4454871913640215,1.4318946114747932,1023.5338151100837,0
1824,28.59844551579354,85.33733347854158,18.53494217690896,28.5315599955133,1036.521222384428,0
93,27.90818010296414,92.28334950738348,0.0425078963305547,51.84905463875859,1013.4096156817436,0
1630,17.6883009804678,51.17196185862174,9.378191117072385,66.819836205601,992.1480298016676,0
389,19.96085646549193,38.65156274368509,12.011124523324796,64.97221862985757,1017.6989388361608,0
2110,11.096560744159564,76.04338813405514,2.8590744664762635,33.39272763631298,1019.147494506616,0
1535,27.938987505313147,73.7997634563481,6.261112742093859,50.17920812331048,1029.7206540359728,0
2405,34.03937860750204,57.56997303153021,16.106996498984827,21.16285070439876,1032.3188898726935,0
1570,24.77316813833923,88.56562774209743,19.70097769684896,76.14111231660891,1024.975937901901,1
1930,11.062240205953955,32.66811126665631,2.8681584045748054,1.70273180163093,1008.360171493102,0
1845,29.478848113122847,83.8457978726482,9.483275097762714,88.83938625098229,995.7413116754794,0
1796,28.718057660215955,67.93639086914715,11.188193692050106,12.188949088717017,1034.2779068070386,0
2286,24.62772750765148,33.9417703275319,18.77390832542588,16.359378907699053,1022.280196859994,0
1378,15.496519416040174,74.22385803154282,6.932641593825277,43.64992923788219,1007.1006386867444,0
1889,26.648785268860404,57.28540114585551,13.196481951655397,34.16962803305575,1018.9579590304414,0
2234,22.294600890889424,89.93254233636642,12.599214149592504,51.62957991240096,985.846029683777,1
2361,29.408342041486154,76.63909826610191,6.46254189674093,88.29104333055784,989.2425646959508,0
1477,13.510988034276323,66.31094867116857,16.213328678415362,84.24777109023029,1016.0619273866396,0
1566,11.71492086884711,58.38792632295048,8.926521168864841,35.989838179209855,1043.16516037393,0
2325,20.61382390145024,50.49772031793417,17.78988620227032,44.31222394345613,982.3360962730812,0
528,12.237363625822503,86.67496294591808,9.72006929211399,43.93788109066712,1031.4383776801594,0
404,31.737213263665804,97.35195428345122,6.933336820892242,39.67723518261472,1027.3712073067663,0
1448,25.381910665877427,38.19825072701008,6.662361660784903,66.67890038534902,1033.2650255313092,0
1484,26.67922051759559,32.824221352283786,15.69970364662782,62.52403777532134,982.1864535049727,0
1345,29.529821099059767,34.01030269849309,19.235918252119827,18.587606519209626,1005.0939293704644,0
1530,12.62736735622498,72.53933692823273,10.67753503524733,27.542025436413155,1023.6936229420652,0
120,28.13135699549101,31.00444034182451,0.9251695513323744,91.36999730901168,1000.9114778050164,0
301,29.35118331746597,49.49282734485562,4.480687939840142,51.19749249585483,1007.944719041523,0
321,13.28706998227819,64.81541818253027,3.278561336541728,90.68548298993514,989.2895263639654,0
1841,34.25938319593041,90.68416388326476,5.656005998150491,88.74988942129713,982.86648185688,0
1640,14.63282298948417,75.70768889732372,14.167739299282369,95.31696437561403,1045.7838808873057,1
1014,10.52375173169326,40.81777343329936,7.343687998658737,29.15334893053786,1014.2179123061672,0
1929,21.21501655044293,91.57503773681036,17.587281939253426,90.9440800351104,1030.099655161786,1
2279,33.09695756278403,34.23647145479424,9.311580736270235,54.0743456764026,1015.7616134662762,0
2183,17.36625604886367,62.66405615899443,18.18899645550077,64.96000624812095,991.1956274677592,0
931,11.0731047652208,66.10980085311093,4.856865196919409,35.77597425009572,1017.7812305809638,0
1361,29.180251651352425,60.177580621171536,14.39111888446183,38.56201295970941,991.7448137676812,0
439,20.3714217333391,64.504522499794,12.748380684333622,0.7486740575623263,988.5822744769476,0
1313,14.18589548648848,76.37407604283536,12.628582765489242,56.82297079875796,1047.8396614406654,1
519,31.980869075783176,51.00223101319877,13.085932673957776,47.81171345106577,1028.6700553336684,0
1712,10.092744343750468,66.1916375918932,6.093093460363013,28.67196258302413,1025.1526353902816,0
2240,32.90127270687478,33.57628394603413,1.7567409965558831,88.69536378575852,1039.8718360555074,0
1919,13.244065564209532,37.71959639450223,3.7668711878942784,70.70497102418312,1004.669327118097,0
442,33.124172798829804,69.74744582647784,7.81832496260622,37.82784278212116,1011.7138897991516,0
22,21.5369840563233,93.13465428405225,1.4244492228378247,71.89489921540743,990.9355668250896,1
1086,11.072654760063957,75.3699029832532,18.313683189383887,99.23268910729558,1037.6026009152947,1
1265,34.48215799972944,93.34435109187768,6.061385784115472,23.29320322593385,1039.0351079688896,0
1868,33.87660363433899,59.59055347430635,6.278988331772113,91.6124221689426,1010.6424841490118,0
